[{"username":"karthik editor","password":"$2b$10$c9F4G/jylbVFHDLMmoqowunYSDXD1OiypTofNgqz3SXzir8K0clwa","roles":{"User":2001,"Editor":1984}},{"username":"karthik user","password":"$2b$10$ajuDW01rU7Z7aZl7GMJSNeCTA6RBdo.jpXq8BUU67K6GjX36cMkzi","roles":{"User":2001},"refreshToken":"eyJhbGciOiJIUzI1NiIsInR5cCI6IkpXVCJ9.eyJ1c2VybmFtZSI6ImthcnRoaWsgdXNlciIsImlhdCI6MTc1MDc3NTA3MSwiZXhwIjoxNzUwODYxNDcxfQ.aNe_7w6AM8RmtKjXoxv5RP7fIJEPblU9T-vyJ-pynCE"},{"username":"karthik admin","password":"$2b$10$z2TsOdk3bryuakgR4zUAX.Tf9rbQRgON0TQ9PvXrprSJVgoptmGqW","roles":{"User":2001,"Admin":5150,"Editor":1984},"refreshToken":"eyJhbGciOiJIUzI1NiIsInR5cCI6IkpXVCJ9.eyJ1c2VybmFtZSI6ImthcnRoaWsgYWRtaW4iLCJpYXQiOjE3NTA3NzcyMDgsImV4cCI6MTc1MDg2MzYwOH0._I-gzUDI22lcVMPEAThZsjhR7_AFPeB8JYDq3ljD94g"}]